id,name,status,query,bytes,source_page,photographer
lac_tien_gioi,Lạc Tiên Giới,ok,Da Lat Vietnam travel landscape,141152,https://pixabay.com/photos/trees-nature-outdoors-travel-7057201/,26057260
hoa_son_dien_trang,Hoa Sơn Điền Trang,ok,Da Lat Vietnam mountain nature landscape,73248,https://pixabay.com/photos/sunset-lake-mountains-reflection-6556063/,Toanleophoto
crazy_house,Crazy House,ok,Da Lat Vietnam travel landscape,126256,https://pixabay.com/photos/vietnam-asia-nature-landscape-lake-5186120/,6028523
fresh_garden_da_lat,Fresh Garden Đà Lạt,ok,Da Lat Vietnam travel landscape,140584,https://pixabay.com/photos/vietnam-asia-nature-landscape-lake-5186121/,6028523
thung_lung_tinh_yeu,Thung Lũng Tình Yêu,ok,Da Lat Vietnam travel landscape,126516,https://pixabay.com/photos/da-lat-vietnam-street-car-mountain-4136346/,Quangpraha
doi_thien_phuc_duc,Đồi Thiên Phúc Đức,ok,Vietnam mountain pine forest landscape,130846,https://pixabay.com/photos/lake-forest-pine-da-lat-vietnam-3344535/,Quangpraha
doi_che_cau_dat,Đồi chè Cầu Đất,ok,Vietnam mountain pine forest landscape,90450,https://pixabay.com/photos/lake-da-lat-dawn-background-sky-3020882/,Quangpraha
ga_da_lat,Ga Đà Lạt,ok,vintage railway station train,140702,https://pixabay.com/photos/train-station-couple-traveling-3169964/,3935302
khu_du_lich_langbiang,Khu du lịch LangBiang,ok,Da Lat Vietnam travel landscape,101104,https://pixabay.com/photos/travel-peace-sunrise-dalat-scenery-5186123/,6028523
dinh_iii_bao_dai,Dinh III Bảo Đại,ok,French colonial villa architecture,153522,https://pixabay.com/photos/villa-balbiano-fontana-garden-6154200/,Camera-man
phan_vien_sinh_hoc_da_lat,Phân Viện Sinh Học Đà Lạt,ok,Vietnam cultural landmark architecture,143348,https://pixabay.com/photos/saigon-street-vietnam-asia-1202818/,phminiat
quang_truong_lam_vien,Quảng trường Lâm Viên,ok,Da Lat Vietnam travel landscape,147724,https://pixabay.com/photos/girl-lake-beautiful-graceful-hat-3405075/,loilamtan
truong_cao_dang_su_pham_da_lat,Trường Cao đẳng Sư phạm Đà Lạt,ok,Vietnam cultural landmark architecture,144916,https://pixabay.com/photos/architect-building-palace-saigon-7692052/,NguyenHoangThach
cay_thong_co_don,Cây thông cô đơn,ok,Da Lat Vietnam travel landscape,136106,https://pixabay.com/photos/road-lake-sunrise-da-lat-vietnam-5234879/,6028523
duong_ham_dieu_khac,Đường Hầm Điêu Khắc,ok,Da Lat Vietnam travel landscape,137780,https://pixabay.com/photos/vietnam-asia-nature-landscape-lake-5186103/,6028523
ho_xuan_huong,Hồ Xuân Hương,ok,Vietnam mountain lake landscape,92416,https://pixabay.com/photos/mountain-nature-dusk-da-lat-6525356/,CUONG_ART
cho_da_lat,Chợ Đà Lạt,ok,Vietnam local night market,128136,https://pixabay.com/photos/vietnam-street-hanoi-asia-city-1161817/,judithscharnowski
cho_dem_da_lat,Chợ đêm Đà Lạt,ok,Vietnam local night market,153314,https://pixabay.com/photos/market-lamps-light-person-hoi-an-2494520/,mailanmaik
so_thu_zoodoo,Sở thú ZooDoo,ok,Da Lat Vietnam travel landscape,53608,https://pixabay.com/photos/dalat-vietnam-da-lat-purple-pink-4177363/,Thutruongvn
ma_rung_lu_quan,Ma Rừng Lữ Quán,ok,Vietnam mountain pine forest landscape,132704,https://pixabay.com/photos/mountains-trees-sky-clouds-1852955/,Pexels
thien_vien_truc_lam,Thiền viện Trúc Lâm,ok,Vietnam pagoda buddhist temple,136008,https://pixabay.com/photos/buddhist-temple-pagoda-prayer-monk-3984946/,Olgaozik
chua_linh_phuoc,Chùa Linh Phước,ok,Vietnam pagoda buddhist temple,141088,https://pixabay.com/photos/vietnam-temple-incense-sticks-asia-2561705/,Poswiecie
nha_tho_con_ga,Nhà thờ Con Gà,ok,Vietnam church architecture,137086,https://pixabay.com/photos/st-josephs-cathedral-vietnam-night-6666917/,khoado11
nha_tho_domaine_de_marie,Nhà thờ Domaine de Marie,ok,Vietnam church architecture,131302,https://pixabay.com/photos/ancient-sapa-church-christianity-4173035/,haphamcamera
thac_prenn,Thác Prenn,ok,Vietnam tropical waterfall nature,148476,https://pixabay.com/photos/waterfall-vietnam-china-natural-4856947/,Designtek
thac_pongour,Thác Pongour,ok,Vietnam tropical waterfall nature,150156,https://pixabay.com/photos/vietnam-sapa-lao-cai-waterfall-3371459/,Quangpraha
thac_datanla,Thác Datanla,ok,Vietnam tropical waterfall nature,153496,https://pixabay.com/photos/as-tall-as-vietnam-3051635/,Quangpraha
thac_voi,Thác Voi,ok,Vietnam tropical waterfall nature,144166,https://pixabay.com/photos/lang-son-waterfall-vietnam-4108961/,Quangpraha
khu_du_lich_la_phong,Khu du lịch Lá Phong,ok,Da Lat Vietnam travel landscape,145048,https://pixabay.com/photos/da-lat-vietnam-street-car-mountain-4113537/,Quangpraha
lavender_farm_da_lat,Lavender Farm Đà Lạt,ok,colorful flower garden field,148694,https://pixabay.com/photos/tulips-flowers-field-tulip-farm-1405413/,Peggy_Marco
ho_tuyen_lam,Hồ Tuyền Lâm,ok,Vietnam mountain lake landscape,76072,https://pixabay.com/photos/vietnam-lake-sunset-mountain-boat-7427067/,Leino194
vuon_hoa_da_lat,Vườn hoa Đà Lạt,ok,colorful flower garden field,117558,https://pixabay.com/photos/tulips-tulip-field-tulip-fields-2219201/,John-Silver
lang_hoa_van_thanh,Làng hoa Vạn Thành,ok,Da Lat Vietnam mountain lake nature,127152,https://pixabay.com/photos/da-lat-vietnam-tree-mountain-lake-6886268/,VoDuyCuong
vuon_quoc_gia_bidoup_nui_ba,Vườn quốc gia Bidoup - Núi Bà,ok,Vietnam mountain pine forest landscape,111238,https://pixabay.com/photos/tree-pine-moss-forest-fog-nature-9129005/,MountainDweller
cau_dat_farm,Cầu Đất Farm,ok,green farm countryside landscape,130454,https://pixabay.com/photos/tractor-rural-farm-countryside-385681/,12019
doi_thong_da_phu,Đồi thông Đa Phú,ok,Vietnam mountain pine forest landscape,144848,https://pixabay.com/photos/woman-terraces-rice-fields-paddy-7878192/,ThanhVu68
an_cafe,An Cafe,ok,cozy coffee shop cafe interior,93338,https://pixabay.com/photos/coffee-caf%C3%A9-latte-cappuccino-9817666/,CHERNYSHart
me_linh_coffee_garden,Mê Linh Coffee Garden,ok,cozy coffee shop cafe interior,146730,https://pixabay.com/photos/coffee-caf%C3%A9-latte-cappuccino-9817665/,CHERNYSHart
still_cafe,Still Cafe,ok,cozy coffee shop cafe interior,108672,https://pixabay.com/photos/cafe-coffee-shop-restaurant-bar-843293/,1139623
lung_chung_cafe,Lưng Chừng Cafe,ok,cozy coffee shop cafe interior,113186,https://pixabay.com/photos/coffee-caf%C3%A9-latte-cappuccino-9817643/,CHERNYSHart
la_viet_coffee,Là Việt Coffee,ok,cozy coffee shop cafe interior,143752,https://pixabay.com/photos/coffee-cafe-coffee-shop-951952/,27707
ca_phe_vuon_rung_vietnam_specialty_coffee,Cà Phê Vườn Rừng - Vietnam Specialty Coffee,ok,cozy coffee shop cafe interior,134806,https://pixabay.com/photos/cafe-girl-book-reading-read-drink-5972490/,hoahoa111
horizon_coffee_da_lat,Horizon Coffee Da Lat,ok,cozy coffee shop cafe interior,117336,https://pixabay.com/photos/cafe-interior-furniture-tables-5635015/,tianya1223
kombi_land,Kombi Land,ok,cozy coffee shop cafe interior,53374,https://pixabay.com/photos/cup-coffee-table-drinks-beverage-6878196/,CUN_CUN
cafe_f_canh_dong_hoa,Cafe F Cánh Đồng Hoa,ok,cozy coffee shop cafe interior,49994,https://pixabay.com/photos/caffeine-cappuccino-coffee-cup-1845314/,Pexels
kokoro_cafe,Kokoro Café,ok,cozy coffee shop cafe interior,104930,https://pixabay.com/photos/coffee-caffeine-cafe-aroma-roasted-6631154/,Ri_Ya
quan_cua_thoi_thanh_xuan,Quán Của Thời Thanh Xuân,ok,cozy coffee shop cafe interior,60390,https://pixabay.com/photos/coffee-cup-of-coffee-lifestyle-cup-1276778/,freephotocc
doi_mot_nguoi,Đợi Một Người,ok,cozy coffee shop cafe interior,61456,https://pixabay.com/photos/cup-coffee-vintage-drink-cafe-2315565/,IamNotPerfect
tiem_ca_phe_cheo_veooo,Tiệm cà phê Cheo veooo,ok,cozy coffee shop cafe interior,64580,https://pixabay.com/photos/table-coffee-cup-cappuccino-break-4566563/,dorofeevajana
q_coffee_roastery_dalat,Q Coffee Roastery Dalat,ok,Da Lat Vietnam coffee shop,135236,https://pixabay.com/photos/coffee-vietnam-da-lat-3264069/,TeeFarm
